Experiment No,momentum,width,weight_decay,learning rate,batch_size,skip connection,batch normalization,train_loss,generalization gap,$\epsilon$ sharpness,Pac Bayes,$||H||_{F}$,FRN,Classical Entropy,Local Entropy,Tr(H),Low pass filter
0,0.0,4,0.0,0.01,32,True,True,0.009386777877807617, 27.28399658203125,60.61072902152524,61608715.920562774,492.4371311396004,202.85818481445312,0.027164148166775703,0.010105225257575512,1947.4153364509468,1.8374267899990082,
1,0.0,4,0.0001,0.01,32,True,True,nan,nan,nan,nan,nan,nan,nan,nan,nan,
2,0.0,4,0.0005,0.01,32,True,True,nan,nan,nan,nan,nan,nan,nan,nan,nan,
3,0.0,4,0.0,0.01,32,False,True,nan,nan,nan,nan,nan,nan,nan,nan,nan,
4,0.0,4,0.0001,0.01,32,False,True,nan,nan,nan,nan,nan,nan,nan,nan,nan,
5,0.0,4,0.0005,0.01,32,False,True,nan,nan,nan,nan,nan,nan,nan,nan,nan,
6,0.5,4,0.0,0.01,32,True,True,nan,nan,nan,nan,nan,nan,nan,nan,nan,
7,0.5,4,0.0001,0.01,32,True,True,nan,nan,nan,nan,nan,nan,nan,nan,nan,
8,0.5,4,0.0005,0.01,32,True,True,nan,nan,nan,nan,nan,nan,nan,nan,nan,
9,0.5,4,0.0,0.01,32,False,True,nan,nan,nan,nan,nan,nan,nan,nan,nan,
10,0.5,4,0.0001,0.01,32,False,True,nan,nan,nan,nan,nan,nan,nan,nan,nan,
11,0.5,4,0.0005,0.01,32,False,True,nan,nan,nan,nan,nan,nan,nan,nan,nan,
12,0.9,4,0.0,0.01,32,True,True,nan,nan,nan,nan,nan,nan,nan,nan,nan,
13,0.9,4,0.0001,0.01,32,True,True,nan,nan,nan,nan,nan,nan,nan,nan,nan,
14,0.9,4,0.0005,0.01,32,True,True,nan,nan,nan,nan,nan,nan,nan,nan,nan,
15,0.9,4,0.0,0.01,32,False,True,nan,nan,nan,nan,nan,nan,nan,nan,nan,
16,0.9,4,0.0001,0.01,32,False,True,nan,nan,nan,nan,nan,nan,nan,nan,nan,
17,0.9,4,0.0005,0.01,32,False,True,nan,nan,nan,nan,nan,nan,nan,nan,nan,
18,0.0,4,0.0,0.0075,32,True,True,nan,nan,nan,nan,nan,nan,nan,nan,nan,
19,0.0,4,0.0001,0.0075,32,True,True,nan,nan,nan,nan,nan,nan,nan,nan,nan,
20,0.0,4,0.0005,0.0075,32,True,True,nan,nan,nan,nan,nan,nan,nan,nan,nan,
21,0.0,4,0.0,0.0075,32,False,True,nan,nan,nan,nan,nan,nan,nan,nan,nan,
22,0.0,4,0.0001,0.0075,32,False,True,nan,nan,nan,nan,nan,nan,nan,nan,nan,
23,0.0,4,0.0005,0.0075,32,False,True,nan,nan,nan,nan,nan,nan,nan,nan,nan,
24,0.5,4,0.0,0.0075,32,True,True,nan,nan,nan,nan,nan,nan,nan,nan,nan,
25,0.5,4,0.0001,0.0075,32,True,True,nan,nan,nan,nan,nan,nan,nan,nan,nan,
26,0.5,4,0.0005,0.0075,32,True,True,nan,nan,nan,nan,nan,nan,nan,nan,nan,
27,0.5,4,0.0,0.0075,32,False,True,nan,nan,nan,nan,nan,nan,nan,nan,nan,
28,0.5,4,0.0001,0.0075,32,False,True,nan,nan,nan,nan,nan,nan,nan,nan,nan,
29,0.5,4,0.0005,0.0075,32,False,True,nan,nan,nan,nan,nan,nan,nan,nan,nan,
30,0.9,4,0.0,0.0075,32,True,True,nan,nan,nan,nan,nan,nan,nan,nan,nan,
31,0.9,4,0.0001,0.0075,32,True,True,nan,nan,nan,nan,nan,nan,nan,nan,nan,
32,0.9,4,0.0005,0.0075,32,True,True,nan,nan,nan,nan,nan,nan,nan,nan,nan,
33,0.9,4,0.0,0.0075,32,False,True,nan,nan,nan,nan,nan,nan,nan,nan,nan,
34,0.9,4,0.0001,0.0075,32,False,True,nan,nan,nan,nan,nan,nan,nan,nan,nan,
35,0.9,4,0.0005,0.0075,32,False,True,nan,nan,nan,nan,nan,nan,nan,nan,nan,
36,0.0,4,0.0,0.005,32,True,True,nan,nan,nan,nan,nan,nan,nan,nan,nan,
37,0.0,4,0.0001,0.005,32,True,True,nan,nan,nan,nan,nan,nan,nan,nan,nan,
38,0.0,4,0.0005,0.005,32,True,True,nan,nan,nan,nan,nan,nan,nan,nan,nan,
39,0.0,4,0.0,0.005,32,False,True,nan,nan,nan,nan,nan,nan,nan,nan,nan,
40,0.0,4,0.0001,0.005,32,False,True,nan,nan,nan,nan,nan,nan,nan,nan,nan,
41,0.0,4,0.0005,0.005,32,False,True,nan,nan,nan,nan,nan,nan,nan,nan,nan,
42,0.5,4,0.0,0.005,32,True,True,nan,nan,nan,nan,nan,nan,nan,nan,nan,
43,0.5,4,0.0001,0.005,32,True,True,nan,nan,nan,nan,nan,nan,nan,nan,nan,
44,0.5,4,0.0005,0.005,32,True,True,nan,nan,nan,nan,nan,nan,nan,nan,nan,
45,0.5,4,0.0,0.005,32,False,True,nan,nan,nan,nan,nan,nan,nan,nan,nan,
46,0.5,4,0.0001,0.005,32,False,True,nan,nan,nan,nan,nan,nan,nan,nan,nan,
47,0.5,4,0.0005,0.005,32,False,True,nan,nan,nan,nan,nan,nan,nan,nan,nan,
48,0.9,4,0.0,0.005,32,True,True,nan,nan,nan,nan,nan,nan,nan,nan,nan,
49,0.9,4,0.0001,0.005,32,True,True,nan,nan,nan,nan,nan,nan,nan,nan,nan,
50,0.9,4,0.0005,0.005,32,True,True,nan,nan,nan,nan,nan,nan,nan,nan,nan,
51,0.9,4,0.0,0.005,32,False,True,nan,nan,nan,nan,nan,nan,nan,nan,nan,
52,0.9,4,0.0001,0.005,32,False,True,nan,nan,nan,nan,nan,nan,nan,nan,nan,
53,0.9,4,0.0005,0.005,32,False,True,nan,nan,nan,nan,nan,nan,nan,nan,nan,
54,0.0,4,0.0,0.01,128,True,True,nan,nan,nan,nan,nan,nan,nan,nan,nan,
55,0.0,4,0.0001,0.01,128,True,True,nan,nan,nan,nan,nan,nan,nan,nan,nan,
56,0.0,4,0.0005,0.01,128,True,True,nan,nan,nan,nan,nan,nan,nan,nan,nan,
57,0.0,4,0.0,0.01,128,False,True,nan,nan,nan,nan,nan,nan,nan,nan,nan,
58,0.0,4,0.0001,0.01,128,False,True,nan,nan,nan,nan,nan,nan,nan,nan,nan,
59,0.0,4,0.0005,0.01,128,False,True,nan,nan,nan,nan,nan,nan,nan,nan,nan,
60,0.5,4,0.0,0.01,128,True,True,nan,nan,nan,nan,nan,nan,nan,nan,nan,
61,0.5,4,0.0001,0.01,128,True,True,nan,nan,nan,nan,nan,nan,nan,nan,nan,
62,0.5,4,0.0005,0.01,128,True,True,nan,nan,nan,nan,nan,nan,nan,nan,nan,
63,0.5,4,0.0,0.01,128,False,True,nan,nan,nan,nan,nan,nan,nan,nan,nan,
64,0.5,4,0.0001,0.01,128,False,True,nan,nan,nan,nan,nan,nan,nan,nan,nan,
65,0.5,4,0.0005,0.01,128,False,True,nan,nan,nan,nan,nan,nan,nan,nan,nan,
66,0.9,4,0.0,0.01,128,True,True,nan,nan,nan,nan,nan,nan,nan,nan,nan,
67,0.9,4,0.0001,0.01,128,True,True,nan,nan,nan,nan,nan,nan,nan,nan,nan,
68,0.9,4,0.0005,0.01,128,True,True,nan,nan,nan,nan,nan,nan,nan,nan,nan,
69,0.9,4,0.0,0.01,128,False,True,nan,nan,nan,nan,nan,nan,nan,nan,nan,
70,0.9,4,0.0001,0.01,128,False,True,nan,nan,nan,nan,nan,nan,nan,nan,nan,
71,0.9,4,0.0005,0.01,128,False,True,nan,nan,nan,nan,nan,nan,nan,nan,nan,
72,0.0,4,0.0,0.0075,128,True,True,nan,nan,nan,nan,nan,nan,nan,nan,nan,
73,0.0,4,0.0001,0.0075,128,True,True,nan,nan,nan,nan,nan,nan,nan,nan,nan,
74,0.0,4,0.0005,0.0075,128,True,True,nan,nan,nan,nan,nan,nan,nan,nan,nan,
75,0.0,4,0.0,0.0075,128,False,True,nan,nan,nan,nan,nan,nan,nan,nan,nan,
76,0.0,4,0.0001,0.0075,128,False,True,nan,nan,nan,nan,nan,nan,nan,nan,nan,
77,0.0,4,0.0005,0.0075,128,False,True,nan,nan,nan,nan,nan,nan,nan,nan,nan,
78,0.5,4,0.0,0.0075,128,True,True,nan,nan,nan,nan,nan,nan,nan,nan,nan,
79,0.5,4,0.0001,0.0075,128,True,True,nan,nan,nan,nan,nan,nan,nan,nan,nan,
80,0.5,4,0.0005,0.0075,128,True,True,nan,nan,nan,nan,nan,nan,nan,nan,nan,
81,0.5,4,0.0,0.0075,128,False,True,nan,nan,nan,nan,nan,nan,nan,nan,nan,
82,0.5,4,0.0001,0.0075,128,False,True,nan,nan,nan,nan,nan,nan,nan,nan,nan,
83,0.5,4,0.0005,0.0075,128,False,True,nan,nan,nan,nan,nan,nan,nan,nan,nan,
84,0.9,4,0.0,0.0075,128,True,True,nan,nan,nan,nan,nan,nan,nan,nan,nan,
85,0.9,4,0.0001,0.0075,128,True,True,nan,nan,nan,nan,nan,nan,nan,nan,nan,
86,0.9,4,0.0005,0.0075,128,True,True,nan,nan,nan,nan,nan,nan,nan,nan,nan,
87,0.9,4,0.0,0.0075,128,False,True,nan,nan,nan,nan,nan,nan,nan,nan,nan,
88,0.9,4,0.0001,0.0075,128,False,True,nan,nan,nan,nan,nan,nan,nan,nan,nan,
89,0.9,4,0.0005,0.0075,128,False,True,nan,nan,nan,nan,nan,nan,nan,nan,nan,
90,0.0,4,0.0,0.005,128,True,True,nan,nan,nan,nan,nan,nan,nan,nan,nan,
91,0.0,4,0.0001,0.005,128,True,True,nan,nan,nan,nan,nan,nan,nan,nan,nan,
92,0.0,4,0.0005,0.005,128,True,True,nan,nan,nan,nan,nan,nan,nan,nan,nan,
93,0.0,4,0.0,0.005,128,False,True,nan,nan,nan,nan,nan,nan,nan,nan,nan,
94,0.0,4,0.0001,0.005,128,False,True,nan,nan,nan,nan,nan,nan,nan,nan,nan,
95,0.0,4,0.0005,0.005,128,False,True,nan,nan,nan,nan,nan,nan,nan,nan,nan,
96,0.5,4,0.0,0.005,128,True,True,nan,nan,nan,nan,nan,nan,nan,nan,nan,
97,0.5,4,0.0001,0.005,128,True,True,nan,nan,nan,nan,nan,nan,nan,nan,nan,
98,0.5,4,0.0005,0.005,128,True,True,nan,nan,nan,nan,nan,nan,nan,nan,nan,
99,0.5,4,0.0,0.005,128,False,True,nan,nan,nan,nan,nan,nan,nan,nan,nan,
100,0.5,4,0.0001,0.005,128,False,True,nan,nan,nan,nan,nan,nan,nan,nan,nan,
101,0.5,4,0.0005,0.005,128,False,True,nan,nan,nan,nan,nan,nan,nan,nan,nan,
102,0.9,4,0.0,0.005,128,True,True,nan,nan,nan,nan,nan,nan,nan,nan,nan,
103,0.9,4,0.0001,0.005,128,True,True,nan,nan,nan,nan,nan,nan,nan,nan,nan,
104,0.9,4,0.0005,0.005,128,True,True,nan,nan,nan,nan,nan,nan,nan,nan,nan,
105,0.9,4,0.0,0.005,128,False,True,nan,nan,nan,nan,nan,nan,nan,nan,nan,
106,0.9,4,0.0001,0.005,128,False,True,nan,nan,nan,nan,nan,nan,nan,nan,nan,
107,0.9,4,0.0005,0.005,128,False,True,nan,nan,nan,nan,nan,nan,nan,nan,nan,
108,0.0,4,0.0,0.01,512,True,True,nan,nan,nan,nan,nan,nan,nan,nan,nan,
109,0.0,4,0.0001,0.01,512,True,True,nan,nan,nan,nan,nan,nan,nan,nan,nan,
110,0.0,4,0.0005,0.01,512,True,True,nan,nan,nan,nan,nan,nan,nan,nan,nan,
111,0.0,4,0.0,0.01,512,False,True,nan,nan,nan,nan,nan,nan,nan,nan,nan,
112,0.0,4,0.0001,0.01,512,False,True,nan,nan,nan,nan,nan,nan,nan,nan,nan,
113,0.0,4,0.0005,0.01,512,False,True,nan,nan,nan,nan,nan,nan,nan,nan,nan,
114,0.5,4,0.0,0.01,512,True,True,nan,nan,nan,nan,nan,nan,nan,nan,nan,
115,0.5,4,0.0001,0.01,512,True,True,nan,nan,nan,nan,nan,nan,nan,nan,nan,
116,0.5,4,0.0005,0.01,512,True,True,nan,nan,nan,nan,nan,nan,nan,nan,nan,
117,0.5,4,0.0,0.01,512,False,True,nan,nan,nan,nan,nan,nan,nan,nan,nan,
118,0.5,4,0.0001,0.01,512,False,True,nan,nan,nan,nan,nan,nan,nan,nan,nan,
119,0.5,4,0.0005,0.01,512,False,True,nan,nan,nan,nan,nan,nan,nan,nan,nan,
120,0.9,4,0.0,0.01,512,True,True,nan,nan,nan,nan,nan,nan,nan,nan,nan,
121,0.9,4,0.0001,0.01,512,True,True,nan,nan,nan,nan,nan,nan,nan,nan,nan,
122,0.9,4,0.0005,0.01,512,True,True,nan,nan,nan,nan,nan,nan,nan,nan,nan,
123,0.9,4,0.0,0.01,512,False,True,nan,nan,nan,nan,nan,nan,nan,nan,nan,
124,0.9,4,0.0001,0.01,512,False,True,nan,nan,nan,nan,nan,nan,nan,nan,nan,
125,0.9,4,0.0005,0.01,512,False,True,nan,nan,nan,nan,nan,nan,nan,nan,nan,
126,0.0,4,0.0,0.0075,512,True,True,nan,nan,nan,nan,nan,nan,nan,nan,nan,
127,0.0,4,0.0001,0.0075,512,True,True,nan,nan,nan,nan,nan,nan,nan,nan,nan,
128,0.0,4,0.0005,0.0075,512,True,True,nan,nan,nan,nan,nan,nan,nan,nan,nan,
129,0.0,4,0.0,0.0075,512,False,True,nan,nan,nan,nan,nan,nan,nan,nan,nan,
130,0.0,4,0.0001,0.0075,512,False,True,nan,nan,nan,nan,nan,nan,nan,nan,nan,
131,0.0,4,0.0005,0.0075,512,False,True,nan,nan,nan,nan,nan,nan,nan,nan,nan,
132,0.5,4,0.0,0.0075,512,True,True,nan,nan,nan,nan,nan,nan,nan,nan,nan,
133,0.5,4,0.0001,0.0075,512,True,True,nan,nan,nan,nan,nan,nan,nan,nan,nan,
134,0.5,4,0.0005,0.0075,512,True,True,nan,nan,nan,nan,nan,nan,nan,nan,nan,
135,0.5,4,0.0,0.0075,512,False,True,nan,nan,nan,nan,nan,nan,nan,nan,nan,
136,0.5,4,0.0001,0.0075,512,False,True,nan,nan,nan,nan,nan,nan,nan,nan,nan,
137,0.5,4,0.0005,0.0075,512,False,True,nan,nan,nan,nan,nan,nan,nan,nan,nan,
138,0.9,4,0.0,0.0075,512,True,True,nan,nan,nan,nan,nan,nan,nan,nan,nan,
139,0.9,4,0.0001,0.0075,512,True,True,nan,nan,nan,nan,nan,nan,nan,nan,nan,
140,0.9,4,0.0005,0.0075,512,True,True,nan,nan,nan,nan,nan,nan,nan,nan,nan,
141,0.9,4,0.0,0.0075,512,False,True,nan,nan,nan,nan,nan,nan,nan,nan,nan,
142,0.9,4,0.0001,0.0075,512,False,True,nan,nan,nan,nan,nan,nan,nan,nan,nan,
143,0.9,4,0.0005,0.0075,512,False,True,nan,nan,nan,nan,nan,nan,nan,nan,nan,
144,0.0,4,0.0,0.005,512,True,True,nan,nan,nan,nan,nan,nan,nan,nan,nan,
145,0.0,4,0.0001,0.005,512,True,True,nan,nan,nan,nan,nan,nan,nan,nan,nan,
146,0.0,4,0.0005,0.005,512,True,True,nan,nan,nan,nan,nan,nan,nan,nan,nan,
147,0.0,4,0.0,0.005,512,False,True,nan,nan,nan,nan,nan,nan,nan,nan,nan,
148,0.0,4,0.0001,0.005,512,False,True,nan,nan,nan,nan,nan,nan,nan,nan,nan,
149,0.0,4,0.0005,0.005,512,False,True,nan,nan,nan,nan,nan,nan,nan,nan,nan,
150,0.5,4,0.0,0.005,512,True,True,nan,nan,nan,nan,nan,nan,nan,nan,nan,
151,0.5,4,0.0001,0.005,512,True,True,nan,nan,nan,nan,nan,nan,nan,nan,nan,
152,0.5,4,0.0005,0.005,512,True,True,nan,nan,nan,nan,nan,nan,nan,nan,nan,
153,0.5,4,0.0,0.005,512,False,True,nan,nan,nan,nan,nan,nan,nan,nan,nan,
154,0.5,4,0.0001,0.005,512,False,True,nan,nan,nan,nan,nan,nan,nan,nan,nan,
155,0.5,4,0.0005,0.005,512,False,True,nan,nan,nan,nan,nan,nan,nan,nan,nan,
156,0.9,4,0.0,0.005,512,True,True,nan,nan,nan,nan,nan,nan,nan,nan,nan,
157,0.9,4,0.0001,0.005,512,True,True,nan,nan,nan,nan,nan,nan,nan,nan,nan,
158,0.9,4,0.0005,0.005,512,True,True,nan,nan,nan,nan,nan,nan,nan,nan,nan,
159,0.9,4,0.0,0.005,512,False,True,nan,nan,nan,nan,nan,nan,nan,nan,nan,
160,0.9,4,0.0001,0.005,512,False,True,nan,nan,nan,nan,nan,nan,nan,nan,nan,
161,0.9,4,0.0005,0.005,512,False,True,nan,nan,nan,nan,nan,nan,nan,nan,nan,
162,0.0,4,0.0,0.01,32,True,False,nan,nan,nan,nan,nan,nan,nan,nan,nan,
163,0.0,4,0.0001,0.01,32,True,False,nan,nan,nan,nan,nan,nan,nan,nan,nan,
164,0.0,4,0.0005,0.01,32,True,False,nan,nan,nan,nan,nan,nan,nan,nan,nan,
165,0.0,4,0.0,0.01,32,False,False,nan,nan,nan,nan,nan,nan,nan,nan,nan,
166,0.0,4,0.0001,0.01,32,False,False,nan,nan,nan,nan,nan,nan,nan,nan,nan,
167,0.0,4,0.0005,0.01,32,False,False,nan,nan,nan,nan,nan,nan,nan,nan,nan,
168,0.5,4,0.0,0.01,32,True,False,nan,nan,nan,nan,nan,nan,nan,nan,nan,
169,0.5,4,0.0001,0.01,32,True,False,nan,nan,nan,nan,nan,nan,nan,nan,nan,
170,0.5,4,0.0005,0.01,32,True,False,nan,nan,nan,nan,nan,nan,nan,nan,nan,
171,0.5,4,0.0,0.01,32,False,False,nan,nan,nan,nan,nan,nan,nan,nan,nan,
172,0.5,4,0.0001,0.01,32,False,False,nan,nan,nan,nan,nan,nan,nan,nan,nan,
173,0.5,4,0.0005,0.01,32,False,False,nan,nan,nan,nan,nan,nan,nan,nan,nan,
174,0.9,4,0.0,0.01,32,True,False,nan,nan,nan,nan,nan,nan,nan,nan,nan,
175,0.9,4,0.0001,0.01,32,True,False,nan,nan,nan,nan,nan,nan,nan,nan,nan,
176,0.9,4,0.0005,0.01,32,True,False,nan,nan,nan,nan,nan,nan,nan,nan,nan,
177,0.9,4,0.0,0.01,32,False,False,nan,nan,nan,nan,nan,nan,nan,nan,nan,
178,0.9,4,0.0001,0.01,32,False,False,nan,nan,nan,nan,nan,nan,nan,nan,nan,
179,0.9,4,0.0005,0.01,32,False,False,nan,nan,nan,nan,nan,nan,nan,nan,nan,
180,0.0,4,0.0,0.0075,32,True,False,nan,nan,nan,nan,nan,nan,nan,nan,nan,
181,0.0,4,0.0001,0.0075,32,True,False,nan,nan,nan,nan,nan,nan,nan,nan,nan,
182,0.0,4,0.0005,0.0075,32,True,False,nan,nan,nan,nan,nan,nan,nan,nan,nan,
183,0.0,4,0.0,0.0075,32,False,False,nan,nan,nan,nan,nan,nan,nan,nan,nan,
184,0.0,4,0.0001,0.0075,32,False,False,nan,nan,nan,nan,nan,nan,nan,nan,nan,
185,0.0,4,0.0005,0.0075,32,False,False,nan,nan,nan,nan,nan,nan,nan,nan,nan,
186,0.5,4,0.0,0.0075,32,True,False,nan,nan,nan,nan,nan,nan,nan,nan,nan,
187,0.5,4,0.0001,0.0075,32,True,False,nan,nan,nan,nan,nan,nan,nan,nan,nan,
188,0.5,4,0.0005,0.0075,32,True,False,nan,nan,nan,nan,nan,nan,nan,nan,nan,
189,0.5,4,0.0,0.0075,32,False,False,nan,nan,nan,nan,nan,nan,nan,nan,nan,
190,0.5,4,0.0001,0.0075,32,False,False,nan,nan,nan,nan,nan,nan,nan,nan,nan,
191,0.5,4,0.0005,0.0075,32,False,False,nan,nan,nan,nan,nan,nan,nan,nan,nan,
192,0.9,4,0.0,0.0075,32,True,False,nan,nan,nan,nan,nan,nan,nan,nan,nan,
193,0.9,4,0.0001,0.0075,32,True,False,nan,nan,nan,nan,nan,nan,nan,nan,nan,
194,0.9,4,0.0005,0.0075,32,True,False,nan,nan,nan,nan,nan,nan,nan,nan,nan,
195,0.9,4,0.0,0.0075,32,False,False,nan,nan,nan,nan,nan,nan,nan,nan,nan,
196,0.9,4,0.0001,0.0075,32,False,False,nan,nan,nan,nan,nan,nan,nan,nan,nan,
197,0.9,4,0.0005,0.0075,32,False,False,nan,nan,nan,nan,nan,nan,nan,nan,nan,
198,0.0,4,0.0,0.005,32,True,False,nan,nan,nan,nan,nan,nan,nan,nan,nan,
199,0.0,4,0.0001,0.005,32,True,False,nan,nan,nan,nan,nan,nan,nan,nan,nan,
200,0.0,4,0.0005,0.005,32,True,False,nan,nan,nan,nan,nan,nan,nan,nan,nan,
201,0.0,4,0.0,0.005,32,False,False,nan,nan,nan,nan,nan,nan,nan,nan,nan,
202,0.0,4,0.0001,0.005,32,False,False,nan,nan,nan,nan,nan,nan,nan,nan,nan,
203,0.0,4,0.0005,0.005,32,False,False,nan,nan,nan,nan,nan,nan,nan,nan,nan,
204,0.5,4,0.0,0.005,32,True,False,nan,nan,nan,nan,nan,nan,nan,nan,nan,
205,0.5,4,0.0001,0.005,32,True,False,nan,nan,nan,nan,nan,nan,nan,nan,nan,
206,0.5,4,0.0005,0.005,32,True,False,nan,nan,nan,nan,nan,nan,nan,nan,nan,
207,0.5,4,0.0,0.005,32,False,False,nan,nan,nan,nan,nan,nan,nan,nan,nan,
208,0.5,4,0.0001,0.005,32,False,False,nan,nan,nan,nan,nan,nan,nan,nan,nan,
209,0.5,4,0.0005,0.005,32,False,False,nan,nan,nan,nan,nan,nan,nan,nan,nan,
210,0.9,4,0.0,0.005,32,True,False,nan,nan,nan,nan,nan,nan,nan,nan,nan,
211,0.9,4,0.0001,0.005,32,True,False,nan,nan,nan,nan,nan,nan,nan,nan,nan,
212,0.9,4,0.0005,0.005,32,True,False,nan,nan,nan,nan,nan,nan,nan,nan,nan,
213,0.9,4,0.0,0.005,32,False,False,nan,nan,nan,nan,nan,nan,nan,nan,nan,
214,0.9,4,0.0001,0.005,32,False,False,nan,nan,nan,nan,nan,nan,nan,nan,nan,
215,0.9,4,0.0005,0.005,32,False,False,nan,nan,nan,nan,nan,nan,nan,nan,nan,
216,0.0,4,0.0,0.01,128,True,False,nan,nan,nan,nan,nan,nan,nan,nan,nan,
217,0.0,4,0.0001,0.01,128,True,False,nan,nan,nan,nan,nan,nan,nan,nan,nan,
218,0.0,4,0.0005,0.01,128,True,False,nan,nan,nan,nan,nan,nan,nan,nan,nan,
219,0.0,4,0.0,0.01,128,False,False,nan,nan,nan,nan,nan,nan,nan,nan,nan,
220,0.0,4,0.0001,0.01,128,False,False,nan,nan,nan,nan,nan,nan,nan,nan,nan,
221,0.0,4,0.0005,0.01,128,False,False,nan,nan,nan,nan,nan,nan,nan,nan,nan,
222,0.5,4,0.0,0.01,128,True,False,nan,nan,nan,nan,nan,nan,nan,nan,nan,
223,0.5,4,0.0001,0.01,128,True,False,nan,nan,nan,nan,nan,nan,nan,nan,nan,
224,0.5,4,0.0005,0.01,128,True,False,nan,nan,nan,nan,nan,nan,nan,nan,nan,
225,0.5,4,0.0,0.01,128,False,False,nan,nan,nan,nan,nan,nan,nan,nan,nan,
226,0.5,4,0.0001,0.01,128,False,False,nan,nan,nan,nan,nan,nan,nan,nan,nan,
227,0.5,4,0.0005,0.01,128,False,False,nan,nan,nan,nan,nan,nan,nan,nan,nan,
228,0.9,4,0.0,0.01,128,True,False,nan,nan,nan,nan,nan,nan,nan,nan,nan,
229,0.9,4,0.0001,0.01,128,True,False,nan,nan,nan,nan,nan,nan,nan,nan,nan,
230,0.9,4,0.0005,0.01,128,True,False,nan,nan,nan,nan,nan,nan,nan,nan,nan,
231,0.9,4,0.0,0.01,128,False,False,nan,nan,nan,nan,nan,nan,nan,nan,nan,
232,0.9,4,0.0001,0.01,128,False,False,nan,nan,nan,nan,nan,nan,nan,nan,nan,
233,0.9,4,0.0005,0.01,128,False,False,nan,nan,nan,nan,nan,nan,nan,nan,nan,
234,0.0,4,0.0,0.0075,128,True,False,nan,nan,nan,nan,nan,nan,nan,nan,nan,
235,0.0,4,0.0001,0.0075,128,True,False,nan,nan,nan,nan,nan,nan,nan,nan,nan,
236,0.0,4,0.0005,0.0075,128,True,False,nan,nan,nan,nan,nan,nan,nan,nan,nan,
237,0.0,4,0.0,0.0075,128,False,False,nan,nan,nan,nan,nan,nan,nan,nan,nan,
238,0.0,4,0.0001,0.0075,128,False,False,nan,nan,nan,nan,nan,nan,nan,nan,nan,
239,0.0,4,0.0005,0.0075,128,False,False,nan,nan,nan,nan,nan,nan,nan,nan,nan,
240,0.5,4,0.0,0.0075,128,True,False,nan,nan,nan,nan,nan,nan,nan,nan,nan,
241,0.5,4,0.0001,0.0075,128,True,False,nan,nan,nan,nan,nan,nan,nan,nan,nan,
242,0.5,4,0.0005,0.0075,128,True,False,nan,nan,nan,nan,nan,nan,nan,nan,nan,
243,0.5,4,0.0,0.0075,128,False,False,nan,nan,nan,nan,nan,nan,nan,nan,nan,
244,0.5,4,0.0001,0.0075,128,False,False,nan,nan,nan,nan,nan,nan,nan,nan,nan,
245,0.5,4,0.0005,0.0075,128,False,False,nan,nan,nan,nan,nan,nan,nan,nan,nan,
246,0.9,4,0.0,0.0075,128,True,False,nan,nan,nan,nan,nan,nan,nan,nan,nan,
247,0.9,4,0.0001,0.0075,128,True,False,nan,nan,nan,nan,nan,nan,nan,nan,nan,
248,0.9,4,0.0005,0.0075,128,True,False,nan,nan,nan,nan,nan,nan,nan,nan,nan,
249,0.9,4,0.0,0.0075,128,False,False,nan,nan,nan,nan,nan,nan,nan,nan,nan,
250,0.9,4,0.0001,0.0075,128,False,False,nan,nan,nan,nan,nan,nan,nan,nan,nan,
251,0.9,4,0.0005,0.0075,128,False,False,nan,nan,nan,nan,nan,nan,nan,nan,nan,
252,0.0,4,0.0,0.005,128,True,False,nan,nan,nan,nan,nan,nan,nan,nan,nan,
253,0.0,4,0.0001,0.005,128,True,False,nan,nan,nan,nan,nan,nan,nan,nan,nan,
254,0.0,4,0.0005,0.005,128,True,False,nan,nan,nan,nan,nan,nan,nan,nan,nan,
255,0.0,4,0.0,0.005,128,False,False,nan,nan,nan,nan,nan,nan,nan,nan,nan,
256,0.0,4,0.0001,0.005,128,False,False,nan,nan,nan,nan,nan,nan,nan,nan,nan,
257,0.0,4,0.0005,0.005,128,False,False,nan,nan,nan,nan,nan,nan,nan,nan,nan,
258,0.5,4,0.0,0.005,128,True,False,nan,nan,nan,nan,nan,nan,nan,nan,nan,
259,0.5,4,0.0001,0.005,128,True,False,nan,nan,nan,nan,nan,nan,nan,nan,nan,
260,0.5,4,0.0005,0.005,128,True,False,nan,nan,nan,nan,nan,nan,nan,nan,nan,
261,0.5,4,0.0,0.005,128,False,False,nan,nan,nan,nan,nan,nan,nan,nan,nan,
262,0.5,4,0.0001,0.005,128,False,False,nan,nan,nan,nan,nan,nan,nan,nan,nan,
263,0.5,4,0.0005,0.005,128,False,False,nan,nan,nan,nan,nan,nan,nan,nan,nan,
264,0.9,4,0.0,0.005,128,True,False,nan,nan,nan,nan,nan,nan,nan,nan,nan,
265,0.9,4,0.0001,0.005,128,True,False,nan,nan,nan,nan,nan,nan,nan,nan,nan,
266,0.9,4,0.0005,0.005,128,True,False,nan,nan,nan,nan,nan,nan,nan,nan,nan,
267,0.9,4,0.0,0.005,128,False,False,nan,nan,nan,nan,nan,nan,nan,nan,nan,
268,0.9,4,0.0001,0.005,128,False,False,nan,nan,nan,nan,nan,nan,nan,nan,nan,
269,0.9,4,0.0005,0.005,128,False,False,nan,nan,nan,nan,nan,nan,nan,nan,nan,
270,0.0,4,0.0,0.01,512,True,False,nan,nan,nan,nan,nan,nan,nan,nan,nan,
271,0.0,4,0.0001,0.01,512,True,False,nan,nan,nan,nan,nan,nan,nan,nan,nan,
272,0.0,4,0.0005,0.01,512,True,False,nan,nan,nan,nan,nan,nan,nan,nan,nan,
273,0.0,4,0.0,0.01,512,False,False,nan,nan,nan,nan,nan,nan,nan,nan,nan,
274,0.0,4,0.0001,0.01,512,False,False,nan,nan,nan,nan,nan,nan,nan,nan,nan,
275,0.0,4,0.0005,0.01,512,False,False,nan,nan,nan,nan,nan,nan,nan,nan,nan,
276,0.5,4,0.0,0.01,512,True,False,nan,nan,nan,nan,nan,nan,nan,nan,nan,
277,0.5,4,0.0001,0.01,512,True,False,nan,nan,nan,nan,nan,nan,nan,nan,nan,
278,0.5,4,0.0005,0.01,512,True,False,nan,nan,nan,nan,nan,nan,nan,nan,nan,
279,0.5,4,0.0,0.01,512,False,False,nan,nan,nan,nan,nan,nan,nan,nan,nan,
280,0.5,4,0.0001,0.01,512,False,False,nan,nan,nan,nan,nan,nan,nan,nan,nan,
281,0.5,4,0.0005,0.01,512,False,False,nan,nan,nan,nan,nan,nan,nan,nan,nan,
282,0.9,4,0.0,0.01,512,True,False,nan,nan,nan,nan,nan,nan,nan,nan,nan,
283,0.9,4,0.0001,0.01,512,True,False,nan,nan,nan,nan,nan,nan,nan,nan,nan,
284,0.9,4,0.0005,0.01,512,True,False,nan,nan,nan,nan,nan,nan,nan,nan,nan,
285,0.9,4,0.0,0.01,512,False,False,nan,nan,nan,nan,nan,nan,nan,nan,nan,
286,0.9,4,0.0001,0.01,512,False,False,nan,nan,nan,nan,nan,nan,nan,nan,nan,
287,0.9,4,0.0005,0.01,512,False,False,nan,nan,nan,nan,nan,nan,nan,nan,nan,
288,0.0,4,0.0,0.0075,512,True,False,nan,nan,nan,nan,nan,nan,nan,nan,nan,
289,0.0,4,0.0001,0.0075,512,True,False,nan,nan,nan,nan,nan,nan,nan,nan,nan,
290,0.0,4,0.0005,0.0075,512,True,False,nan,nan,nan,nan,nan,nan,nan,nan,nan,
291,0.0,4,0.0,0.0075,512,False,False,nan,nan,nan,nan,nan,nan,nan,nan,nan,
292,0.0,4,0.0001,0.0075,512,False,False,nan,nan,nan,nan,nan,nan,nan,nan,nan,
293,0.0,4,0.0005,0.0075,512,False,False,nan,nan,nan,nan,nan,nan,nan,nan,nan,
294,0.5,4,0.0,0.0075,512,True,False,nan,nan,nan,nan,nan,nan,nan,nan,nan,
295,0.5,4,0.0001,0.0075,512,True,False,nan,nan,nan,nan,nan,nan,nan,nan,nan,
296,0.5,4,0.0005,0.0075,512,True,False,nan,nan,nan,nan,nan,nan,nan,nan,nan,
297,0.5,4,0.0,0.0075,512,False,False,nan,nan,nan,nan,nan,nan,nan,nan,nan,
298,0.5,4,0.0001,0.0075,512,False,False,nan,nan,nan,nan,nan,nan,nan,nan,nan,
299,0.5,4,0.0005,0.0075,512,False,False,nan,nan,nan,nan,nan,nan,nan,nan,nan,
300,0.9,4,0.0,0.0075,512,True,False,nan,nan,nan,nan,nan,nan,nan,nan,nan,
301,0.9,4,0.0001,0.0075,512,True,False,nan,nan,nan,nan,nan,nan,nan,nan,nan,
302,0.9,4,0.0005,0.0075,512,True,False,nan,nan,nan,nan,nan,nan,nan,nan,nan,
303,0.9,4,0.0,0.0075,512,False,False,nan,nan,nan,nan,nan,nan,nan,nan,nan,
304,0.9,4,0.0001,0.0075,512,False,False,nan,nan,nan,nan,nan,nan,nan,nan,nan,
305,0.9,4,0.0005,0.0075,512,False,False,nan,nan,nan,nan,nan,nan,nan,nan,nan,
306,0.0,4,0.0,0.005,512,True,False,nan,nan,nan,nan,nan,nan,nan,nan,nan,
307,0.0,4,0.0001,0.005,512,True,False,nan,nan,nan,nan,nan,nan,nan,nan,nan,
308,0.0,4,0.0005,0.005,512,True,False,nan,nan,nan,nan,nan,nan,nan,nan,nan,
309,0.0,4,0.0,0.005,512,False,False,nan,nan,nan,nan,nan,nan,nan,nan,nan,
310,0.0,4,0.0001,0.005,512,False,False,nan,nan,nan,nan,nan,nan,nan,nan,nan,
311,0.0,4,0.0005,0.005,512,False,False,nan,nan,nan,nan,nan,nan,nan,nan,nan,
312,0.5,4,0.0,0.005,512,True,False,nan,nan,nan,nan,nan,nan,nan,nan,nan,
313,0.5,4,0.0001,0.005,512,True,False,nan,nan,nan,nan,nan,nan,nan,nan,nan,
314,0.5,4,0.0005,0.005,512,True,False,nan,nan,nan,nan,nan,nan,nan,nan,nan,
315,0.5,4,0.0,0.005,512,False,False,nan,nan,nan,nan,nan,nan,nan,nan,nan,
316,0.5,4,0.0001,0.005,512,False,False,nan,nan,nan,nan,nan,nan,nan,nan,nan,
317,0.5,4,0.0005,0.005,512,False,False,nan,nan,nan,nan,nan,nan,nan,nan,nan,
318,0.9,4,0.0,0.005,512,True,False,nan,nan,nan,nan,nan,nan,nan,nan,nan,
319,0.9,4,0.0001,0.005,512,True,False,nan,nan,nan,nan,nan,nan,nan,nan,nan,
320,0.9,4,0.0005,0.005,512,True,False,nan,nan,nan,nan,nan,nan,nan,nan,nan,
321,0.9,4,0.0,0.005,512,False,False,nan,nan,nan,nan,nan,nan,nan,nan,nan,
322,0.9,4,0.0001,0.005,512,False,False,nan,nan,nan,nan,nan,nan,nan,nan,nan,
323,0.9,4,0.0005,0.005,512,False,False,nan,nan,nan,nan,nan,nan,nan,nan,nan,
